Page Name,Exisiting text,Key,Feedback and Instructions,Translation,Dev Comments,Reply for Dev Comments
Left navigation,Home,Home,When you open the website the first page is blank can it please load with the Home page - i.e. with all the icons. ,முகப்பு,Done,
Left navigation,Upload,Upload,,பதிவேற்றுக,,
Left navigation,Download,Download,,பதிவிறக்குக,,
Left navigation,Validate,Validate,,சரிபார்க்க,,
Left navigation,Export,Export,,தகவல் வெளிக்கொணர்தல்,,
Left navigation,Visualizations,Visualizations,,காட்சிப் படங்கள்,Repeat of 204,
Left navigation,Plans,Plans,,திட்டங்கள்,,
Upload,Surveys,Surveys,,கணக்கெடுப்புகள்,,
Upload,Create or edit surveys,Create a new survey or view and edit existing surveys,This needs to be the same on the Home page,ஒரு புதிய கணக்கெடுப்பு உருவாக்க அல்லது ஏற்கனவே உள்ள கணக்கெடுப்பை பார்க்க மற்றும் மாற்றங்கள் செய்ய,Done,
Upload,Upload data,Upload data,,தகவலை பதிவேற்றுக,,
Upload,Sync the data collected to the server,Sync data collected to the server,,சேகரிக்கப்பட்ட தகவல்களை வலை தள சேவையகத்தில் ஒத்திசைவு செய்தல்,,
Surveys,New Survey,New survey,,புதிய கணக்கெடுப்பு,,
Surveys,Create a new Survey,Create a new survey,,ஒரு புதிய கணக்கெடுப்பை உருவாக்குக,,
Surveys,Locations Data,Geographic coverage,,புவியமைப்பை பதிவு செய்தல்,,
Surveys,View / edit / update locations,Upload or edit geographic data that specifies what area the survey will cover,,கணக்கெடுப்பு எந்த பகுதியை குறிப்பிடுகிறது என்பதை குறிப்பிடும் புவியமைப்புத் தரவைப் பதிவேற்றவும் அல்லது திருத்தம் செய்வதற்கு,,
Surveys,Surveyors Data,Surveyor data,,கணக்கெடுப்பாளரின் தகவல்,,
Surveys,View / edit / update surveyors,Upload and edit data regarding surveyor.,,கணக்கெடுப்பாளர் தொடர்பான தகவல் பதிவேற்றம்அல்லது திருத்தம் செய்வதற்கு,This overflows. Can't adjust size for this alone.,Size of the text may be reduced for this.
Surveys,Images & other Artifacts,Survey images and artifacts,,கணக்கெடுப்பிற்கான படங்கள் மற்றும் கலைப்பொருட்கள்,,
Surveys,View / edit / update images used in surveys,Upload and edit images that are part of your survey,,கணக்கெடுப்பின் ஒரு பகுதியாக இருக்கும் படங்களை பதிவேற்றம் அல்லது திருத்தம் செய்வதற்கு,,
Surveys,List surveys,Existing surveys,Remove hyperlinks on the list of surveys in these tables?,ஏற்கனவே உள்ள கணக்கெடுப்புகள்,"If we remove hyperlinks from all list,  for mapping style surveys, can't download other CSVs, and for Surveyors, can't see name.",
Surveys,View existing surveys,View and edit existing surveys,,ஏற்கனவே உள்ள கணக்கெடுப்புகளை பார்க்க மற்றும் திருத்தம் செய்ய,,
New Survey,Creating Survey…,Create a new survey,,ஒரு புதிய கணக்கெடுப்பை உருவாக்க,,
New Survey,Name,Survey name,,கணக்கெடுப்பின் பெயர்,,
New Survey,Enter survey name,Enter survey name,,கணக்கெடுப்பின் பெயரை பதிவு செய்யவும்,,
New Survey,Description,Survey description,,கணக்கெடுப்பின் விளக்கம்,,
New Survey,Enter survey description,Enter a description of the survey,,கணக்கெடுப்பின் விளக்கத்தை பதிவு செய்யவும்,,
New Survey,Enabled?,Do you want to enable this survey?,,இந்த கணக்கெடுப்பை இயக்க விரும்புகிறீர்களா?,,
,,Note: This will activate this survey and make it live,,குறிப்பு: இது இந்த கணக்கெடுப்பை செயல்படுத்துவதற்கும் மற்றும் தற்போதைய கணக்கெடுப்பிற்கான பட்டியலிலும் இடம் பெறும்.,,
New Survey,CSV Upload,Upload the survey,,கணக்கெடுப்பு பதிவேற்றம்,,
,,Note: The survey needs to be in CSV format,,குறிப்பு: கணக்கெடுப்பு CSV வடிவத்தில் இருக்க வேண்டும்,,
New Survey,Choose File,Choose File,,கோப்புகளை தேர்வு செய்யவும்,This is not in my control.  This is shown by the user's browser.,ok
New Survey,No file chosen,No file chosen,,எந்த கோப்பும் தேர்வு செய்யப்படவில்லை,,
New Survey,Create,Create survey,,கணக்கெடுப்பை உருவாக்க,,
Geographic coverage,Exisiting locations,Geographic coverage,,புவியியமைப்பை பதிவு செய்தல்,,
Geographic coverage,Name,,"For this table can we see the whole table? Its good to see the links (District name, Block name, Village name and Habitation name) together not just single names. Can we keep it in this order. When I select Habitation it says Name not Habitation name. Same for the other selections. Great if we can keep District name consistent accross the website - in some tables it says DISTRICT some District Name - Please lets keep it District name for all tables. Same for Village name, Block name, Habitation name. ",,Done.,
Geographic coverage,Name,,,பெயர்,,
Geographic coverage,Code,,,குறியீடு,,
Geographic coverage,Type,,Can remove this column,,Done,Ok
Geographic coverage,Created on,,Can remove this column,,Done,Ok
Geographic coverage,Search,Search,,தேடுக,,
Geographic coverage,Upload Locations CSV,Upload geographic data,,புவியமைப்புத்தகவலை பதிவேற்றம் செய்,,
Upload Location Data,Upload Location Data,Upload geographic Data,,புவியமைப்புத்தகவலை பதிவேற்றம் செய்,,
Upload Location Data,,This geographic data needs to be in CSV format. Changing this file will update all existing geographic data. Ensure that your file includes every level of the area you wish to cover.,Add this note below the page heading,"இந்த புவியியல் தரவு CSV வடிவமைப்பில் இருக்க வேண்டும். இந்த கோப்பினை மாற்றுவதன் மூலம், இருக்கும் அனைத்துபுவியமைப்பு தரவையும் புதுப்பிக்க. உங்கள் கோப்பை நீங்கள் சேர்க்க விரும்பும் பகுதியின் ஒவ்வொரு மட்டத்தையும் உள்ளடக்குகிறது என்பதை உறுதிப்படுத்தவும்.",,
Upload Location Data,Choose File,Choose File,,கோப்புகளை தேர்வு செய்,Not changeable,
Upload Location Data,No file chosen,No file chosen,,எந்த கோப்பும் தேர்வு செய்யப்படவில்லை,,
Upload Location Data,Upload,Upload geographic data,,புவியமைப்புதகவலை பதிவேற்றம் செய்,,
Surveyor data,Existing surveyors,Surveyor data,,கணக்கெடுப்பாளரின் தகவல்,,
Surveyor data,,"Upload and edit data regarding surveyors codes, what survey they will be administering and where they will administer it",Add this note below the page heading,"கண்கெடுப்பாளர்களின் குறியீடுகளைப் பற்றிய தரவைப் பதிவேற்றலாம் மற்றும் திருத்தலாம், அவர்கள் எங்கு மற்றும் எந்தப் கணக்கெடுப்பை அவர்கள் மேற்கொள்வார்கள் போன்ற விவரங்கள் அடங்கும்.",,
Surveyor data,Search,Search,,தேடுக,,
Surveyor data,Upload Surveyors CSV,Upload surveyor data,,கணக்கெடுப்பாளரின் தகவலை பதிவேற்றம் செய்தல்,,
Surveyor data,District,District name,Please make this consistent across the website. See D36.,மாவட்டத்தின் பெயர்,Done,
Surveyor data,Block,Block name,,வட்டாரத்தின் பெயர்,Done,
Surveyor data,Panchayat,Panchayat name,,ஊராட்சியின் பெயர்,Done,
Surveyor data,Code,Surveyor code,,கணக்கெடுப்பாளரின் குறியீடு,Done,
Surveyor data,Name,Surveyor name,This seems to be displaying Block name in the table. When you click edit it shows the right name. Not sure if this is a bug. ,கணக்கெடுப்பாளரின் பெயர்,Done,
Surveyor data,Survey,Survey type,,கணக்கெடுப்பின்வகை,"Survey does not have ""type""",
Surveyor data,Actions,Actions,,நடவடிக்கை,,
Surveyor data,Edit,Edit,,திருத்துக,,
Surveyor data,Delete,Delete,,நீக்குக,,
Upload Surveyors Data,Upload Surveyors Data,Upload surveyor data,,கணக்கெடுப்பாளரின் தகவலை பதிவேற்றம் செய்தல்,,
Upload Surveyors Data,,This surveyor data needs to be in CSV format. This file should include geography details for each surveyor as well as each type of survey they will be administering. Surveyor codes should be unique.,Add this note below the page heading,இந்த கணக்கெடுப்பாளருக்கான தரவு CSV வடிவமைப்பில் இருக்க வேண்டும். இந்த கோப்பு ஒவ்வொரு கணக்கெடுப்பாளருக்கான புவியமைப்பின் விவரங்கள் மற்றும் அவர்கள் நிர்வகிக்கும் ஒவ்வொரு வகையிலும் சேர்க்கப்பட வேண்டும். கணக்கெடுப்பாளரின் குறியீடுகள் தனிப்பட்டதாக இருக்க வேண்டும்.,,
Upload Surveyors Data,,Enumerators CSV file,,,,
Upload Surveyors Data,Choose File,Choose File,,கோப்புகளை தேர்வு செய்யவும்,,
Upload Surveyors Data,No file chosen,No file chosen,,எந்த கோப்பும் தேர்வு செய்யப்படவில்லை,,
Upload Surveyors Data,Upload,Upload surveyor data,,கணக்கெடுப்பாளரின் தகவலை பதிவேற்றம் செய்தல்,,
Update Surveyor Information,Update Surveyor Information,Edit surveyor data,,கணக்கெடுப்பாளரின் தகவலை திருத்தம் செய்வதற்கு,,
Update Surveyor Information,Name,Surveyor name,,கணக்கெடுப்பாளரின் பெயர்,,
Update Surveyor Information,Code,Surveyor code,,கணக்கெடுப்பாளரின் குறியீடு,,
Update Surveyor Information,Panchayat,Panchayat name,,ஊராட்சியின் பெயர்,,
Update Surveyor Information,Update,Update,,புதுப்பிக்க,,
Images & other Artifacts,Exisitng Images,Survey images,,கணக்கெடுப்பிற்கான படங்கள்,,
Images & other Artifacts,,Upload images that are part of your survey. This should be the same name as what is in the survey CSV file.,Add this note below the page heading,உங்கள் கணக்கெடுப்பின் அங்கமாக இருக்கும் படங்களை பதிவேற்றலாம். இந்த கணக்கெடுப்பு CSV கோப்பு என்ன பெயரோ அதே பெயராக இருக்க வேண்டும்.,Should this be CSV Koppil enna peyaro?  in the tamil translation,
Images & other Artifacts,Search,Search,,தேடுக,,
Images & other Artifacts,Create new image,Create new image,,புதிய படங்கள் நிறுவுக,,
Images & other Artifacts,Name,Image name,,படத்தின் பெயர்,,
Images & other Artifacts,Created On,Date created,,உருவாக்கப்பட்ட தேதி,,
Images & other Artifacts,Actions,Actions,,நடவடிக்கை,,
Images & other Artifacts,Edit,Edit,,திருத்துக,,
Images & other Artifacts,Delete,Delete,,நீக்குக,,
Create new image,,Create a new image,Add this as a page title,புதிய படங்கள் நிறுவுக,"Why is this ""Survey"" in Image page?",Its fine
Create new image,,Upload images that are part of your survey. This should be the same name as what is in the survey CSV file.,Add this note below the page heading,உங்கள் கணக்கெடுப்பின் அங்கமாக இருக்கும் படங்களை பதிவேற்றலாம். இந்த கணக்கெடுப்பு CSV கோப்பு என்ன பெயரோ அதே பெயராக இருக்க வேண்டும்.,,
Create new image,Name,Image name,,படத்தின் பெயர்,,
Create new image,Enter name,Enter image name,,படத்தின் பெயரை பதிவு செய்க,,
Create new image,Description,Image description,,படத்தின் விளக்கம்,,
Create new image,Enter description,Enter a description of the image,,படத்தின் விளக்கத்தை பதிவு செய்க,,
Create new image,Image(s) Upload,Upload images that are part of your survey,,உங்கள் கணக்கெடுப்பின் அங்கமாக இருக்கும் படங்களை பதிவேற்றலாம்,"Should add note that multiple files will be named as -1, -2, ... (because they can't all have the same name provided)","Ok, fine"
,,"Note: Please name Images in this format - SurveyName_QuestionNumber_Answer.extension (Answer - good, bad, average, 1/2/3, etc.) - for example: Mapping_1.2.1_good.jpg",,"குறிப்பு: தயவு செய்து படங்களின் பெயரை இந்த வடிவத்தில் குறிப்பிடவும். SurveyName_QuestionNumber_Answer.extension (Answers Good, bad and Average 1/2/3.) - உதாரணமாக: Mapping_1.2.1_good.jpg",,
Create new image,Choose Files,Choose File,,கோப்புகளை தேர்வு செய்க,,
Create new image,No file chosen,No file chosen,,எந்த கோப்பும் தேர்வு செய்யப்படவில்லை,,
Create new image,Upload,Upload image,,படங்களை பதிவேற்றம் செய்க,,
Edit survey image,,Edit survey image,Add this as a page title,கணக்கெடுப்பு படங்களை திருத்தம் செய்க,,
Edit survey image,Name,Image name,,படத்தின் பெயர்,,
Edit survey image,Description,Image description,,படத்தின் விளக்கம்,,
Edit survey image,Enter description,Enter a description of the image,,படத்தின் விளக்கத்தை பதிவு செய்க,,
Edit survey image,Image(s) Upload,Edit this image,,இந்த படத்தை திருத்தம் செய்க,,
Edit survey image,Choose Files,Choose File,,கோப்புகளை தேர்வு செய்க,,
Edit survey image,No file chosen,No file chosen,,எந்த கோப்பும் தேர்வு செய்யப்படவில்லை,,
Edit survey image,Update,Update image,,படங்களை புதுப்பிக்க,,
List surveys,Existing surveyors,Existing surveys,,ஏற்கனவே உள்ள கணக்கெடுப்புகள்,,
List surveys,Search,Search,,தேடுக,,
List surveys,,Created new survey,Can we remove this button?,புதிய கணக்கெடுப்பு உருவாக்கப்பட்டது,,
List surveys,Name,Survey name,,கணக்கெடுப்பின் பெயர்,,
List surveys,Live,Enabled?,,இயக்கப்பட்டுள்ளதா?,,
List surveys,Created On,Date created,,உருவாக்கப்பட்ட தேதி,,
List surveys,Actions,Actions,,நடவடிக்கை,,
List surveys,Delete,Delete,,நீக்குக,,
List surveys,Edit,Edit,,திருத்துக,,
Edit Survey,"Update survey ""Name""",Update survey,,கணக்கெடுப்பை புதுப்பித்தல்,,
Edit Survey,Name,Survey name,,கணக்கெடுப்பின் பெயர்,,
Edit Survey,Description,Survey description,,கணக்கெடுப்பின் விளக்கம்,,
Edit Survey,Enabled?,Do you want to enable this survey?,,இந்த கணக்கெடுப்பை இயக்க விரும்புகிறீர்களா?,,
,,Note: This will activate this survey and make it live,,குறிப்பு: இது இந்த கணக்கெடுப்பை செயல்படுத்துவதற்கும் மற்றும் தற்போதைய கணக்கெடுப்பிற்கான பட்டியலிலும் இடம் பெறும்.,,
Edit Survey,CSV Upload,Upload this survey,,இந்த கணக்கெடுப்பு பதிவேற்றம் செய்க,,
,,Note: This survey needs to be in CSV format,,குறிப்பு: கணக்கெடுப்பு CSV வடிவத்தில் இருக்க வேண்டும்,,
Edit Survey,Choose File,Choose File,,கோப்புகளை தேர்வு செய்க,,
Edit Survey,No file chosen,No file chosen,,எந்த கோப்பும் தேர்வு செய்யப்படவில்லை,,
Edit Survey,Update,Update survey,,கணக்கெடுப்பை புதுப்பிக்க,,
Upload data,Uploading answers…,Upload data collected,,சேகரிக்கப்பட்ட தகவல்களை பதிவேற்றம் செய்க,,
Upload data,Answer JSON files,Upload data,,தகவல்களை பதிவேற்றம் செய்க,,
,,"Note: You can select multiple files, they must all be in JSON format",,"குறிப்பு: ஒன்றுக்கு மேற்பட்ட கோப்புகளை தேர்வு செய்யலாம், அனைத்து கோப்புகளும் கட்டாயமாகJSON வடிவத்தில் இருக்கவேண்டும்",,
Upload data,Choose Files,Choose Files,,கோப்புகளை தேர்வு செய்க,Cannot change,ok
Upload data,No file chosen,No file chosen,,எந்த கோப்பும் தேர்வு செய்யப்படவில்லை,,
Upload data,Upload,Upload data,,தகவல்களை பதிவேற்றம் செய்க,,
Download,,Download survey application,"Add this as a page title - Please change the name as ""Download survey application""",கணக்கெடுப்பிற்கான மென்பொருளை பதிவிறக்கம் செய்க,Verify: there's already a title,Please change the titile name as specified
,,Download and install the survey application on your tablet or mobile device,,உங்கள் டேப்லெட் அல்லது மொபைலில் கணக்கெடுப்பிற்கான மென்பொருளை பதிவிறக்கம் செய்து நிறுவவும்,,
,,Click the Download Application button. The survey app will be in .apk format.,,மென்பொருள் பதிவிறக்கம் பொத்தானை அழுத்தவும். கணக்கெடுப்பிற்கான மென்பொருள் .apk வடிவத்தில் இருக்கும்.,,
,,Save the VDP.apk file to your computer.,,.apk மென்பொருள் கோப்புவை உங்கள் கணிணியில் சேமித்து வைத்துக்கொள்ளவும்.,,
,,Then copy the application file from your computer and paste into tablet drive.,,பின்னர் உங்கள் கணினியிலிருந்து .apk மென்பொருள் கோப்புவை நகலெடுத்து,,
,,Then run the application file. Click the install button. The application will have a Government of Tamil Nadu logo in the name of “Village Development Plan”.,,பின்னர் .apk மென்பொருள் கோப்புவை இயக்கவும். நிறுவுதல் என்ற பொத்தானைக் அழுத்தவும். பின்னர் தமிழக அரசு சின்னம் கொண்ட மென்பொருள் “கிராம வளர்ச்சி திட்டம்” என்ற பெயரில் தங்கள் டேப்லெட் அல்லது மொபைலில் நிறுவப்பட்டிருக்கும்.,,
,,Open the application to set up the survey.,,கணக்கெடுப்பு செல்ல மென்பொருளை அழுத்தி இயக்கவும்.,,
,,Enter the Surveyor Code and press Okay.,,கணக்கெடுப்பாளரின் குறியீட்டை பதிவு செய்து “OK“ என்ற பொத்தானை அழுத்தவும்.,,
,,Press the Download Survey button. This will automatically download the appropriate survey to the tablet. Return to the Home screen by pressing the Back button.,,கணக்கெடுப்பு பதிவிறக்கம் என்ற பொத்தானை அழுத்தவும். இது கணக்கெடுப்பாளரின் குறியீட்டிற்கு ஏற்ற சரியான கணக்கெடுப்பு படிவத்தை தானாகவே பதிவிறக்கம் செய்யும்.பின்னர் டேப்லெடில் உள்ள “BACK” என்ற பொத்தானை அழுத்தி முகப்புத் திரைக்கு திரும்பவேண்டும்.,,
,,To administer the survey press Proceed.,,கணக்கெடுப்பு படிவத்தை செயலாக்கம் செய்ய “தொடர்க” என்ற பொத்தானை அழுத்தவும்.,,
,,"Ensure the tablet is connected to the internet, select Upload to sync data collected to the server.",,"டேப்லெட் இணையத்துடன் இணைக்கப்பட்டுள்ளதா என்பதை உறுதி செய்து, சேகரிக்கப்பட்ட தகவல்களை வலைதள சேவையகத்தில் ஒத்திசைவு செய்ய பதிவேற்று என்பதைத் தேர்ந்தெடுக்கவும். ",,
,,"After you press Upload and the data has synced, a summary page will show you details of data that has been synced to the server. Return to the Home screen by pressing the Back button.",,"நீங்கள் பதிவேற்றவும் செய்த பிறகு, சேகரிக்கப்பட்ட தகவல்களை வலைதள சேவையகத்தில் ஒத்திசைவு நடைபெறும். பின்னர் வலைதள சேவையகத்தில் ஒத்திசைக்கப்பட்டுள்ள தரவிற்கான விவரங்களின் சுருக்க பக்கம் தெரியவரும். பின்னர் முகப்புத் திரைக்கு திரும்ப டேப்லெடில் உள்ள “BACK” என்ற பொத்தானை அழுத்தவும்",,
,,Note: You may have to prepare the tablet and computer. You will need to install the respective brand driver to connect the computer to the tablet. You can find the instructions for this here. You will also need to prepare the tablet for the application. You can find the instructions for this here.,,குறிப்பு: நீங்கள் டேப்லெட் மற்றும் கணினியை தயார் செய்ய வேண்டும். கணினியை டேப்லெட்டில் இணைக்க நீங்கள் அந்த பிராண்டிற்கான டிரைவரை நிறுவ வேண்டும். இதற்கான வழிமுறைகளை இங்கே காணலாம். நீங்கள் டேப்லெட்டில் மென்பொருள் பயன்படுத்துவதற்க்கு டேப்லெட்டை தயார் செய்ய வேண்டும். இதற்கான வழிமுறைகளை இங்கே காணலாம்.,,
Download,,"Download and install the survey application on your tablet or mobile device. 
 1. Click the Download Application button. The survey app will be in .apk format.
 2. Save the VDP.apk file to your computer.
 3. Then copy the application file from your computer and paste into tablet drive.
 4. Then run the application file. Click the install button. The application will have a Government of Tamil Nadu logo in the name of “Village Development Plan”. 
 5. Open the application to set up the survey
 6. Enter the Surveyor Code and press Okay.
 7. Press the Download Survey button. This will automatically download the appropriate survey to the tablet. Return to the Home screen by pressing the Back button. 
 8. To administer the survey press Proceed.
 9. Ensure the tablet is connected to the internet, select Upload to sync data collected to the server. 
 10. After you press Upload and the data has synced, a summary page will show you details of data that has been synced to the server. Return to the Home screen by pressing the Back button.
Note: You may have to prepare the tablet and computer. You will need to install the respective brand driver to connect the computer to the tablet. You can find the instructions for this here. You will also need to prepare the tablet for the application. You can find the instructions for this here.",Add this note below the page heading. We will share two PDFs for the Note at the bottom of the instructions. ,"""உங்கள் டேப்லெட் அல்லது மொபைலில் கணக்கெடுப்பிற்கான மென்பொருளை பதிவிறக்கம் செய்து நிறுவவும். 
 1. மென்பொருள் பதிவிறக்கம் பொத்தானை அழுத்தவும். கணக்கெடுப்பிற்கான மென்பொருள் .apk வடிவத்தில் இருக்கும்.
 2. .apk மென்பொருள் கோப்புவை உங்கள் கணிணியில் சேமித்து வைத்துக்கொள்ளவும்.
 3. பின்னர் உங்கள் கணினியிலிருந்து .apk மென்பொருள் கோப்புவை நகலெடுத்து, டேப்லெட் அல்லது மொபைலில் உள்ளிடவும்.
 4. பின்னர் .apk மென்பொருள் கோப்புவை இயக்கவும். நிறுவுதல் என்ற பொத்தானைக் அழுத்தவும். பின்னர் தமிழக அரசு சின்னம் கொண்ட மென்பொருள் “கிராம வளர்ச்சி திட்டம்” என்ற பெயரில் தங்கள் டேப்லெட் அல்லது மொபைலில் நிறுவப்பட்டிருக்கும். 
 5. கணக்கெடுப்பு செல்ல மென்பொருளை அழுத்தி இயக்கவும்.
 6. கணக்கெடுப்பாளரின் குறியீட்டை பதிவு செய்து “OK“ என்ற பொத்தானை அழுத்தவும்.
 7. கணக்கெடுப்பு பதிவிறக்கம் என்ற பொத்தானை அழுத்தவும். இது கணக்கெடுப்பாளரின் குறியீட்டிற்கு ஏற்ற சரியான கணக்கெடுப்பு படிவத்தை தானாகவே பதிவிறக்கம் செய்யும்.பின்னர் டேப்லெடில் உள்ள “BACK” என்ற பொத்தானை அழுத்தி முகப்புத் திரைக்கு திரும்பவேண்டும். 
8. கணக்கெடுப்பு படிவத்தை செயலாக்கம் செய்ய “தொடர்க” என்ற பொத்தானை அழுத்தவும். 
9. டேப்லெட் இணையத்துடன் இணைக்கப்பட்டுள்ளதா என்பதை உறுதி செய்து, சேகரிக்கப்பட்ட தகவல்களை வலைதள சேவையகத்தில் ஒத்திசைவு செய்ய பதிவேற்று என்பதைத் தேர்ந்தெடுக்கவும். 
10. நீங்கள் பதிவேற்றவும் செய்த பிறகு, சேகரிக்கப்பட்ட தகவல்களை வலைதள சேவையகத்தில் ஒத்திசைவு நடைபெறும். பின்னர் வலைதள சேவையகத்தில் ஒத்திசைக்கப்பட்டுள்ள தரவிற்கான் விவரங்களின் சுருக்க பக்கம் தெரியவரும். 
குறிப்பு: நீங்கள் டேப்லெட் மற்றும் கணினியை தயார் செய்ய வேண்டும். கணினியை டேப்லெட்டில் இணைக்க நீங்கள் அந்த பிராண்டிற்கான டிரைவரை நிறுவ வேண்டும். இதற்கான வழிமுறைகளை இங்கே காணலாம். நீங்கள் டேப்லெட்டில் மென்பொருள் பயன்படுத்துவதற்க்கு டேப்லெட்டை தயார் செய்ய வேண்டும். இதற்கான வழிமுறைகளை இங்கே காணலாம்.""",,This is for PDF Download
Download,,Download application,Can we add this button,மென்பொருளை பதிவிறக்கம் செய்க,This is already there.  Is that correct?,This is for application download
,,Download and install application on your Android tablet,,,Needs translation,
Validate,,Validate data,Add this as a page title,தகவலை சரிபார்க்க,,
Validate,,Validate data collected to monitor the quality of data collected.,Add this note below the page heading,சேகரிக்கப்பட்ட தகவலின் தரத்தை கண்காணிக்க சேகரிக்கப்பட்ட தகவலை சரிபார்த்தல்,,
Validate,Surveys Currently Live,Enabled surveys,,செயல்பாட்டில் உள்ள கணக்கெடுப்புகள்,,
Validate,Name,Survey name,,கணக்கெடுப்பின் பெயர்,,
Validate,Live,Enabled surveys,,செயல்பாட்டில் உள்ள கணக்கெடுப்புகள்,,
Validate,Created On,Date created,,உருவாக்கப்பட்ட தேதி,,
Validate,,Answers collected,,சேகரிக்கப்பட்ட பதில்கள்,,
Validate,,Answers processed,,செயலாக்கப்பட்ட பதில்கள்,,
Validate,,Actions,,நடவடிக்கை,,
Validate,,ProcessNoun,,செயலாக்கம்,,
Validate,,Export,,தகவல் வெளிக்கொணர்க,,
Validate,,Validate,"Can you please add this column - when i click validate for the mapping it should go to the mapping validations, same for household. Understand that these are custom made. ",சரிபார்க்க,What about new surveys then?  We can't do it only for mapping / household surveys (as it'll not work if the name is changed),
Data validation,,Data validation,Add this title to the page - Please add this below the table.,தகவலை சரிபார்த்தல்,,
Data validation,,Mapping data,,வரைபட கணக்கெடுப்பு தகவல்,,
Data validation,,Check and monitor mapping data,,வரைபடத் தகவலை சரிபார்த்தல் மற்றும் கண்காணித்தல்,,
Data validation,,Household data,,குடும்ப கணக்கெடுப்புத் தகவல்,,
Data validation,,Check and monitor household data,,குடும்ப கணக்கெடுப்புத் தகவலை சரிபார்த்தல் மற்றும் கண்காணித்தல்,,
Mapping data validation,District,District name,,மாவட்டத்தின் பெயர்,,
Mapping data validation,Block,Block name,,வட்டாரத்தின் பெயர்,,
Mapping data validation,Summary of infrastructure available,Summary of infrastructure available,,கிடைக்கப்பெற்றிருக்கும் உள்கட்டமைப்பின் விவரப்பட்டியல்,,
Mapping data validation,Roads,Roads,,சாலைகள்,,
Mapping data validation,Street lights,Street lights,,தெருவிளக்குகள்,,
Mapping data validation,Water soruces,Water sources,,நீர் ஆதாரம்,,
Mapping data validation,Public toilets,Public toilets,,பொது கழிப்பிடம்,,
Mapping data validation,PDS outlets,PDS outlets,,பொது விநியோக கடை,,
Mapping data validation,Anganwadis,Anganwadis,,அங்கன்வாடி,,
Mapping data validation,Bus stops,Bus stops,,பேருந்து நிறுத்தங்கள்,,
Mapping data validation,Schools,Schools,,பள்ளிக் கூடங்கள்,,
Mapping data validation,Place of worship,Place of worship,,வழிபடும் இடம்,,
Mapping data validation,Common land,Common land,,பொதுவான நிலம்,,
Mapping data validation,Communal halls,Communal halls,,சமுதாயக் கூடம்,,
Mapping data validation,Bridges or culverts,Bridges or culverts,,பாலம் அல்லது சாலையிலுள்ள வாய்கால் பாலம்,,
Mapping data validation,Shops,Shops,,கடைகள்,,
Mapping data validation,Agricultural facilities,Agricultural facilities,,விவசாய வசதிகள்,,
Mapping data validation,Government buildings,Government buildings,,அரசாங்க கட்டிடங்கள்,,
Mapping data validation,VPRC office,VPRC office,,கிராம வறுமை ஒழிப்பு சங்க அலுவலகம்,,
Mapping data validation,Village Panchayat Office,Village Panchayat office,,கிராம ஊராட்சி அலுவலகம்,,
Mapping data validation,Banks,Banks,,வங்கிகள்,,
Mapping data validation,ATMs,ATMs,,ATMs,,
Mapping data validation,Garbage bins,Garbage bins,,குப்பை தொட்டிகள்,,
Household data validation,District,District name,The UIs do not look like what I have provided in mutliple emails over 6 months ago. Please see D36 as well. ,மாவட்டத்தின் பெயர்,These requirements were later changed to a new sheet midway in March.  We've followed that to the extent possible.,
Household data validation,Block,Block name,,வட்டாரத்தின் பெயர்,,
Household data validation,Village,Village Panchayat name,,கிராம ஊராட்சியின் பெயர்,,
Household data validation,,Surveyor Name,,கணக்கெடுப்பாளரின் பெயர்,,
Household data validation,,Surveyor Code,,கணக்கெடுப்பாளரின் குறியீடு,,
Household data validation,,Information about Household Confirmation:,,குடும்பங்களின் உறுதிபடுத்துதல் பற்றிய தகவல்கள்,,
Household data validation,,Number of surveys answered,,பதிலளிக்கப்பட்ட கணக்கெடுப்புகளின் மொத்த எண்ணிக்கை,,
Household data validation,,Total number of surveys completed,,முடிவடைந்த கணக்கெடுப்புகளின் மொத்த எண்ணிக்கை,,
Household data validation,,Percentage of households reported 'not willing',,விருப்பமில்லை என்று பதிவாகிருக்கும் குடும்பங்களின் சதவிகிதம்,,
Household data validation,,Percentage of households reported 'not there',,குடும்பங்கள் இல்லை என்று பதிவாகிருக்கும் குடும்பங்களின் சதவிகிதம்,,
Household data validation,,Percentage of households reported 'dead',,இறப்பு என்று பதிவாகிருக்கும் குடும்பங்களின் சதவிகிதம்,,
Household data validation,,Total,,மொத்தம்,,
Household data validation,,Percentage of completed surveys done in less than 15 minutes,,15 நிமிடங்களுக்கும் குறைவாக முடிக்கப்பட்ட கணக்கெடுப்புகளின் சதவீதம்,,
Household data validation,,Percentage of completed surveys done in less than 5 minutes,,5 நிமிடங்களுக்கும் குறைவாக முடிக்கப்பட்ட கணக்கெடுப்புகளின் சதவீதம்,,
Household data validation,,Average time per survey,,கணக்கெடுப்பின் சராசரி நேரம்,,
,,Answered,,பதிலளிக்கப்பட்டவைகள்,,
Household data validation,,Surveys answered,,பதிலளிக்கப்பட்ட கணக்கெடுப்புகள்,,
Household data validation,,"Surveys that reported as 'not willing', 'dead' or 'not there'",,"விருப்பமில்லை, இறப்பு, குடும்பங்கள் இல்லை என்று பதிவாகிருக்கும் கணக்கெடுப்புகள்",,
Household data validation,,Surveyor Information:,,கணக்கெடுப்பாளரின் தகவல்,,
Household data validation,,Flags,,கண்டறியப்பட்ட தவறுகள்,,
Household data validation,,Surveyor Name - Surveyor Code,,கணக்கெடுப்பாளரின் பெயர் - கணக்கெடுப்பாளரின் குறியீடு,,
Household data validation,,Confirmation,,உறுதிப்படுத்துதல்,,
Household data validation,,Time,,நேரம்,,
Household data validation,,Percentage,,சதவீதம்,,
Household data validation,,Week,,வாரம்,,
Household data validation,,Proportion of Surveyors that are flagged,,தவறுகள் கண்டறியப்பட்ட கணக்கெடுப்பாளர்களின்சதவீதம்,,
Household data validation,,Surveyors Flagged,,தவறுகள் கண்டறியப்பட்ட கணக்கெடுப்பாளர்கள்,,
Household data validation,,Surveyors Not Flagged,,தவறுகள் கண்டறியப்படாத கணக்கெடுப்பாளர்கள்,,
Export,,Export data,Add this as a page title,தகவல் வெளிக்கொணர்தல்,,
Export,,Download data collected in a CSV format.,Add this note below the page heading,சேகரிக்கப்பட்ட தகவல்களை CSV படிவத்தில் பதிவிறக்கம் செய்தல்,,
Export,Surveys Currently Live,Enabled surveys,,இயக்கத்தில் உள்ள கணக்கெடுப்புகள்,,
Export,Name,Survey name,,கணக்கெடுப்பின் பெயர்,,
Export,Live,Enabled surveys,,இயக்கத்தில் உள்ள கணக்கெடுப்புகள்,,
Export,Created On,Date created,,உருவாக்கப்பட்ட தேதி,,
Export,,Answers collected,,சேகரிக்கப்பட்ட பதில்கள்,,
Export,,Answers processed,,செயலாக்கப்பட்ட பதில்கள்,,
Export,,Actions,,நடவடிக்கை,,
Export,,Process,,செயலாக்கம்,,
Export,,Export,,தகவல் வெளிக்கொணர்க,,
Export,,Download data,,தகவல் பதிவிறக்குக,,
,,File not available,,கோப்பு இடம்பெற வில்லை,,
,,,,,,
Visualizations,,,Add this as a page title,காட்சிப் படங்கள்,,
Plan,Exisiting plans,Village Panchayat development plans,Columns are in Tamil on the English website.,கிராம ஊராட்சி வளர்ச்சி திட்டங்கள்,Done,
Plan,Search,Search,,தேடுக,,
Plan,Create new plan,Upload plan,,திட்டத்தை பதிவேற்றம் செய்க,,
Plan,Name,Plan name,,திட்டத்தின் பெயர்,,
Plan,Created On,Date created,,உருவாக்கப்பட்ட தேதி,,
Plan,Actions,Actions,,நடவடிக்கை,,
Plan,,Download plan,,திட்டத்தை பதிவிறக்கம் செய்க,,
Upload plan,,Upload plan,Add this as a page title,திட்டத்தை பதிவேற்றம் செய்க,,
Upload plan,,"Upload a new plan, this will allow you to view the plan and keep track of developments.",Add this note below the page heading,"ஒரு புதிய திட்டத்தை பதிவேற்றம் செய்ய, இதன் மூலம் நீங்கள் திட்டம் பார்க்க மற்றும் முன்னேற்றங்கள் கண்காணிக்க இயலும்.",,
Upload plan,Name,Plan name,,திட்டத்தின் பெயர்,,
Upload plan,Enter name,Enter plan name,,திட்டத்தின் பெயரை பதிவு செய்யவும்,,
Upload plan,Description,Plan description,,திட்டத்தின் விளக்கம்,,
Upload plan,Enter description,Enter plan description,,திட்டத்தின் விளக்கத்தை பதிவு செய்யவும்,,
Upload plan,Plan(s) Upload,Upload a plan,,திட்டத்தை பதிவேற்றம் செய்க,,
Upload plan,Choose Files,Choose Files,,கோப்புகளை தேர்வு செய்க,,
Upload plan,No file chosen,No file chosen,,எந்த கோப்பும் தேர்வு செய்யப்படவில்லை,,
Upload plan,Upload,Upload plan,,திட்டத்தை பதிவேற்றம் செய்க,,
,,Participatory Tracking,,பங்கேற்புடன் கூடிய கண்காணிப்பு,,
,,P-Tracking,,ப-கண்காணிப்பு,,
,,Tamil Nadu Village Development Planning,,தமிழ்நாடு கிராம வளர்ச்சிக்கான திட்டமிடல்,,
,,T.N.,,தமிழ்நாடு,,
,,Village Development Planning,,கிராம வளர்ச்சிக்கான திட்டமிடல்,,
,,Logged in as,,உள்நுழைந்துள்ளீர்கள்,,
,,Sign Out,,வெளியேறு,,
,,Language,,மொழி,,
,,Are you sure about deleting this item?  This action cannot be undone.,,இதனை நீக்குவதில் நீங்கள் உறுதியாக இருக்கிறீர்களா? இந்த செயல் முடிந்த பின் மீண்டும் திரும்ப பெற முடியாது.,,
,,Deleted,,நீக்கப்பட்டது,,
,,Deleting,,நீக்கப்படுகிறது,,
,,Created,,உருவாக்கப்பட்டது,,
,,Process,,செயலாக்குக,,
,,Locations CSV file,,இடங்களின் CSV கோப்பு,,
User Page,,Users,,பயனர்கள்,,
,User data,User data,,பயனர் தகவல்,,
,View and edit data regarding admin users of the system,View and edit data regarding admin users of the system,,"நிர்வகிக்கும் பயனர்களின் தகவல்களை பார்வையிடுவதற்கும், திருத்தம் செய்வதற்கும்",,
,Search,Search,,தேடுக,,
,Create a user,Create a user,,ஒரு பயனரை உருவாக்குக,,
,User Name,User Name,,பயனர் பெயர்,,
,Name,Name,,பெயர்,,
,Action,Action,,நடவடிக்கை,,
,Edit,Edit,,திருத்துக,,
,Delete,Delete,, நீக்குக,,
Create a user,,Create a user,Title of the page,ஒரு பயனரை உருவாக்குக,,
,Full Name,Full Name,,முழு பெயர்,,
,User Name,User Name,,பயனரின்  பெயர்,,
,Passphrase,Passphrase,,கடவுச்சொல்,,
,User Roles,User Roles,,பயனரின்  பணி,,
,Upload surveyor data,Upload New User,,புதிய பயனரை பதிவேற்றுக,,
Edit Page,Full Name,Full Name,,முழு பெயர்,,
,User Name,User Name,,பயனரின்  பெயர்,,
,Passphrase,Passphrase,,கடவுச்சொல்,,
,User Roles,User Roles,,பயனரின்  பணி,,
,Upload ,Upload ,,பதிவேற்றுக,,
Delete button,Are you sure about deleting this item?  This action cannot be undone.,Are you sure about deleting this item?  This action cannot be undone.,,இதனை நீக்குவதில் நீங்கள் உறுதியாக இருக்கிறீர்களா? இந்த செயல் முடிந்த பின் மீண்டும் திரும்ப பெற முடியாது.,,
Main Page,Surveys,Surveys,,கணக்கெடுப்புகள்,,
,Create a new survey or view and edit existing surveys,Create a new survey or view and edit existing surveys,,ஒரு புதிய கணக்கெடுப்பு உருவாக்க அல்லது ஏற்கனவே உள்ள கணக்கெடுப்பை பார்க்க மற்றும் மாற்றங்கள் செய்ய,,
,Download survey application,Download survey application,,கணக்கெடுப்பிற்கான மென்பொருளை பதிவேற்றுக,,
,Download and install the survey application on your tablet or mobile device.,Download and install the survey application on your tablet or mobile device,,உங்கள் டேப்லெட் அல்லது மொபைலில் கணக்கெடுப்பிற்கான மென்பொருளை பதிவிறக்கம் செய்து நிறுவவும்,,
,Upload data,Upload data,,தகவலை பதிவேற்று,,
,Sync data collected to the server,Sync data collected to the server,,சேகரிக்கப்பட்ட தகவல்களை வலை தள சேவையகத்தில் ஒத்திசைவு செய்தல்,,
,Validate data,Validate data,,தகவலை சரிபார்க்க,,
,Check and monitor the quality of data collected,Check and monitor the quality of data collected,,சேகரிக்கப்பட்ட தரவின் தரத்தை சோதிக்கவும் மற்றும்  கண்காணிக்கவும்,,
,Export data,Export data,,தகவல் வெளிக்கொணர்தல்,,
,Generate a CSV file that can be imported into various analytical tools.,Generate a CSV file that can be imported into various analytical tools,,சேகரிக்கப்பட்ட தகவல்களை CSV படிவத்தில் பதிவிறக்கம் செய்து அவற்றை பல்வேறு மென்பொருளில் பகுப்பாய்வு செய்ய முடியும்,,
Visualizations,Visualizations,Visualizations,,காட்சிப் படங்கள்,,
,View pictorial represnetations of the data collected,View pictorial representations of the data collected,,சேகரிக்கப்பட்ட தகவல்களை படக்காட்சிகளாகக் காண்பதற்கு.,,
,Plans,Plans,,திட்டங்கள்,,
,Upload and view village action plans,Upload and view village development plans,,கிராம வளர்ச்சி  திட்டங்களைப் பதிவேற்றுவதற்கும் மற்றும் காண்பதற்கும்,,
,,,,,,
Footer,,Last updated,,முந்தைய புதுப்பிற்பு,,
,,Madras Institute of Development Studies,,சென்னை வளர்ச்சி ஆராய்ச்சி நிறுவனம்,,